Algorithm,SSE,Silhouette,Davies-Bouldin,Calinski-Harabasz,K
K-means-DE (Paper),17647.05413799252,0.35560641409179455,0.9435378469399569,1282.4752404620854,6
