Algorithm,SSE,Silhouette,Davies-Bouldin,Calinski-Harabasz,K
K-means-QLDE (Paper),19914.253593519905,0.2535093477460573,1.3404174698208065,1116.6360028571773,6
